bim360_account_id,service
a4f95080-84fe-4281-8d0a-bd8c885695e0,doc_manager
a4f95080-84fe-4281-8d0a-bd8c885695e0,field
a4f95080-84fe-4281-8d0a-bd8c885695e0,fieldManagement
a4f95080-84fe-4281-8d0a-bd8c885695e0,glue
a4f95080-84fe-4281-8d0a-bd8c885695e0,plan
a4f95080-84fe-4281-8d0a-bd8c885695e0,insight
a4f95080-84fe-4281-8d0a-bd8c885695e0,modelCoordination
a4f95080-84fe-4281-8d0a-bd8c885695e0,designCollaboration
a4f95080-84fe-4281-8d0a-bd8c885695e0,projectManagement
a4f95080-84fe-4281-8d0a-bd8c885695e0,costManagement
a4f95080-84fe-4281-8d0a-bd8c885695e0,assets
